year,gp,driver,team,finish_position,points,avg_lap_time,fastest_lap,laps_completed,round_number,is_win,is_podium,is_tops,cumulative_points,cumulative_wins,cumulative_podiums,points_momentum,avg_finish_lastN,consistency_score,race_leader_points,points_gap_to_leader
2025,Australian Grand Prix,ALB,Williams,5.0,10.0,0 days 00:01:44.672388888,0 days 00:01:24.597000,57,1,0,0,1,10.0,0,0,10.0,5.0,5.0,25.0,15.0
2025,Japanese Grand Prix,ALB,Williams,9.0,2.0,0 days 00:01:33.723584905,0 days 00:01:31.125000,53,3,0,0,0,12.0,0,0,6.0,7.0,7.0,43.0,31.0
2025,Bahrain Grand Prix,ALB,Williams,12.0,0.0,0 days 00:01:40.663357142,0 days 00:01:37.141000,57,4,0,0,0,12.0,0,0,4.0,8.666666666666666,8.666666666666666,58.0,46.0
2025,Saudi Arabian Grand Prix,ALB,Williams,9.0,2.0,0 days 00:01:35.926666666,0 days 00:01:33.477000,50,5,0,0,0,14.0,0,0,1.3333333333333333,10.0,8.75,70.0,56.0
2025,Emilia Romagna Grand Prix,ALB,Williams,5.0,10.0,0 days 00:01:27.478476190,0 days 00:01:18.289000,63,7,0,0,1,24.0,0,0,4.0,8.666666666666666,8.0,94.0,70.0
2025,Monaco Grand Prix,ALB,Williams,9.0,2.0,0 days 00:01:19.548842105,0 days 00:01:14.597000,76,8,0,0,0,26.0,0,0,4.666666666666667,7.666666666666667,8.8,113.0,87.0
2025,Spanish Grand Prix,ALB,Williams,19.0,0.0,0 days 00:01:25.301777777,0 days 00:01:20.508000,27,9,0,0,0,26.0,0,0,4.0,11.0,10.8,131.0,105.0
2025,Canadian Grand Prix,ALB,Williams,20.0,0.0,0 days 00:01:18.327826086,0 days 00:01:16.197000,47,10,0,0,0,26.0,0,0,0.6666666666666666,16.0,12.4,134.0,108.0
2025,Austrian Grand Prix,ALB,Williams,17.0,0.0,0 days 00:01:20.015200,0 days 00:01:10.641000,15,11,0,0,0,26.0,0,0,0.0,18.666666666666668,14.0,156.0,130.0
2025,British Grand Prix,ALB,Williams,8.0,4.0,0 days 00:01:48.297744680,0 days 00:01:30.047000,52,12,0,0,0,30.0,0,0,1.3333333333333333,15.0,14.6,181.0,151.0
2025,Hungarian Grand Prix,ALB,Williams,15.0,0.0,0 days 00:01:23.468724637,0 days 00:01:20.779000,69,14,0,0,0,30.0,0,0,1.3333333333333333,13.333333333333334,15.8,206.0,176.0
2025,Dutch Grand Prix,ALB,Williams,5.0,10.0,0 days 00:01:22.169111111,0 days 00:01:13.687000,72,15,0,0,1,40.0,0,0,4.666666666666667,9.333333333333334,13.0,213.0,173.0
2025,Italian Grand Prix,ALB,Williams,7.0,6.0,0 days 00:01:24.054000,0 days 00:01:21.368000,53,16,0,0,0,46.0,0,0,5.333333333333333,9.0,10.4,228.0,182.0
2025,Azerbaijan Grand Prix,ALB,Williams,13.0,0.0,0 days 00:01:47.852062500,0 days 00:01:44.152000,51,17,0,0,0,46.0,0,0,5.333333333333333,8.333333333333334,9.6,230.0,184.0
2025,Singapore Grand Prix,ALB,Williams,14.0,0.0,0 days 00:01:39.142409836,0 days 00:01:35.648000,61,18,0,0,0,46.0,0,0,2.0,11.333333333333334,10.8,245.0,199.0
2025,Mexico City Grand Prix,ALB,Williams,12.0,0.0,0 days 00:01:24.014628571,0 days 00:01:20.480000,70,20,0,0,0,46.0,0,0,0.0,13.0,10.2,270.0,224.0
2025,Las Vegas Grand Prix,ALB,Williams,16.0,0.0,0 days 00:01:41.942885714,0 days 00:01:35.184000,35,22,0,0,0,46.0,0,0,0.0,14.0,12.4,270.0,224.0
2025,Abu Dhabi Grand Prix,ALB,Williams,16.0,0.0,0 days 00:01:30.565448275,0 days 00:01:28.367000,58,24,0,0,0,46.0,0,0,0.0,14.666666666666666,14.2,288.0,242.0
2025,Australian Grand Prix,ALO,Aston Martin,17.0,0.0,0 days 00:01:38.517379310,0 days 00:01:28.819000,33,1,0,0,0,0.0,0,0,0.0,17.0,17.0,25.0,25.0
2025,Japanese Grand Prix,ALO,Aston Martin,11.0,0.0,0 days 00:01:34.043698113,0 days 00:01:31.770000,53,3,0,0,0,0.0,0,0,0.0,14.0,14.0,43.0,43.0
2025,Bahrain Grand Prix,ALO,Aston Martin,15.0,0.0,0 days 00:01:40.858357142,0 days 00:01:37.906000,57,4,0,0,0,0.0,0,0,0.0,14.333333333333334,14.333333333333334,58.0,58.0
2025,Saudi Arabian Grand Prix,ALO,Aston Martin,11.0,0.0,0 days 00:01:36.135208333,0 days 00:01:33.009000,50,5,0,0,0,0.0,0,0,0.0,12.333333333333334,13.5,70.0,70.0
2025,Emilia Romagna Grand Prix,ALO,Aston Martin,11.0,0.0,0 days 00:01:27.626174603,0 days 00:01:19.894000,63,7,0,0,0,0.0,0,0,0.0,12.333333333333334,13.0,94.0,94.0
2025,Monaco Grand Prix,ALO,Aston Martin,19.0,0.0,0 days 00:01:20.752833333,0 days 00:01:15.593000,37,8,0,0,0,0.0,0,0,0.0,13.666666666666666,13.4,113.0,113.0
2025,Spanish Grand Prix,ALO,Aston Martin,9.0,2.0,0 days 00:01:24.832409090,0 days 00:01:18.128000,66,9,0,0,0,2.0,0,0,0.6666666666666666,13.0,13.0,131.0,129.0
2025,Canadian Grand Prix,ALO,Aston Martin,7.0,6.0,0 days 00:01:18.909428571,0 days 00:01:15.024000,70,10,0,0,0,8.0,0,0,2.6666666666666665,11.666666666666666,11.4,134.0,126.0
2025,Austrian Grand Prix,ALO,Aston Martin,7.0,6.0,0 days 00:01:12.885942028,0 days 00:01:09.935000,69,11,0,0,0,14.0,0,0,4.666666666666667,7.666666666666667,10.6,156.0,142.0
2025,British Grand Prix,ALO,Aston Martin,9.0,2.0,0 days 00:01:48.271000,0 days 00:01:30.353000,52,12,0,0,0,16.0,0,0,4.666666666666667,7.666666666666667,10.2,181.0,165.0
2025,Hungarian Grand Prix,ALO,Aston Martin,5.0,10.0,0 days 00:01:22.575300,0 days 00:01:20.113000,70,14,0,0,1,26.0,0,0,6.0,7.0,7.4,206.0,180.0
2025,Dutch Grand Prix,ALO,Aston Martin,8.0,4.0,0 days 00:01:22.243861111,0 days 00:01:13.719000,72,15,0,0,0,30.0,0,0,5.333333333333333,7.333333333333333,7.2,213.0,183.0
2025,Italian Grand Prix,ALO,Aston Martin,19.0,0.0,0 days 00:01:26.729250,0 days 00:01:23.757000,24,16,0,0,0,30.0,0,0,4.666666666666667,10.666666666666666,9.6,228.0,198.0
2025,Azerbaijan Grand Prix,ALO,Aston Martin,15.0,0.0,0 days 00:01:47.996375,0 days 00:01:45.002000,51,17,0,0,0,30.0,0,0,1.3333333333333333,14.0,11.2,230.0,200.0
2025,Singapore Grand Prix,ALO,Aston Martin,7.0,6.0,0 days 00:01:38.436032258,0 days 00:01:35.862000,62,18,0,0,0,36.0,0,0,2.0,13.666666666666666,10.8,245.0,209.0
2025,Mexico City Grand Prix,ALO,Aston Martin,18.0,0.0,0 days 00:01:24.903029411,0 days 00:01:21.708000,34,20,0,0,0,36.0,0,0,2.0,13.333333333333334,13.4,270.0,234.0
2025,Las Vegas Grand Prix,ALO,Aston Martin,11.0,0.0,0 days 00:01:39.074740,0 days 00:01:35.629000,50,22,0,0,0,36.0,0,0,2.0,12.0,14.0,270.0,234.0
2025,Abu Dhabi Grand Prix,ALO,Aston Martin,6.0,8.0,0 days 00:01:30.259155172,0 days 00:01:28.279000,58,24,0,0,0,44.0,0,0,2.6666666666666665,11.666666666666666,11.4,288.0,244.0
2025,Australian Grand Prix,ANT,Mercedes,4.0,12.0,0 days 00:01:44.579370370,0 days 00:01:24.901000,57,1,0,0,1,12.0,0,0,12.0,4.0,4.0,25.0,13.0
2025,Japanese Grand Prix,ANT,Mercedes,6.0,8.0,0 days 00:01:33.314226415,0 days 00:01:30.965000,53,3,0,0,0,20.0,0,0,10.0,5.0,5.0,43.0,23.0
2025,Bahrain Grand Prix,ANT,Mercedes,11.0,0.0,0 days 00:01:40.647446428,0 days 00:01:36.690000,57,4,0,0,0,20.0,0,0,6.666666666666667,7.0,7.0,58.0,38.0
2025,Saudi Arabian Grand Prix,ANT,Mercedes,6.0,8.0,0 days 00:01:35.124645833,0 days 00:01:32.396000,50,5,0,0,0,28.0,0,0,5.333333333333333,7.666666666666667,6.75,70.0,42.0
2025,Emilia Romagna Grand Prix,ANT,Mercedes,19.0,0.0,0 days 00:01:23.857818181,0 days 00:01:20.620000,45,7,0,0,0,28.0,0,0,2.6666666666666665,12.0,9.2,94.0,66.0
2025,Monaco Grand Prix,ANT,Mercedes,18.0,0.0,0 days 00:01:20.563360,0 days 00:01:13.518000,75,8,0,0,0,28.0,0,0,2.6666666666666665,14.333333333333334,12.0,113.0,85.0
2025,Spanish Grand Prix,ANT,Mercedes,18.0,0.0,0 days 00:01:22.074188679,0 days 00:01:18.255000,54,9,0,0,0,28.0,0,0,0.0,18.333333333333332,14.4,131.0,103.0
2025,Canadian Grand Prix,ANT,Mercedes,3.0,15.0,0 days 00:01:18.767171428,0 days 00:01:14.455000,70,10,0,1,1,43.0,0,1,5.0,13.0,12.8,134.0,91.0
2025,Austrian Grand Prix,ANT,Mercedes,19.0,0.0,,,1,11,0,0,0,43.0,0,1,5.0,13.333333333333334,15.4,156.0,113.0
2025,British Grand Prix,ANT,Mercedes,16.0,0.0,0 days 00:02:00.091117647,0 days 00:01:39.336000,23,12,0,0,0,43.0,0,1,5.0,12.666666666666666,14.8,181.0,138.0
2025,Hungarian Grand Prix,ANT,Mercedes,10.0,1.0,0 days 00:01:23.027246376,0 days 00:01:20.745000,69,14,0,0,0,44.0,0,1,0.3333333333333333,15.0,13.2,206.0,162.0
2025,Dutch Grand Prix,ANT,Mercedes,16.0,0.0,0 days 00:01:22.178861111,0 days 00:01:13.480000,72,15,0,0,0,44.0,0,1,0.3333333333333333,14.0,12.8,213.0,169.0
2025,Italian Grand Prix,ANT,Mercedes,9.0,2.0,0 days 00:01:24.133716981,0 days 00:01:21.968000,53,16,0,0,0,46.0,0,1,1.0,11.666666666666666,14.0,228.0,182.0
2025,Azerbaijan Grand Prix,ANT,Mercedes,4.0,12.0,0 days 00:01:46.568229166,0 days 00:01:44.091000,51,17,0,0,1,58.0,0,1,4.666666666666667,9.666666666666666,11.0,230.0,172.0
2025,Singapore Grand Prix,ANT,Mercedes,5.0,10.0,0 days 00:01:37.678193548,0 days 00:01:35.303000,62,18,0,0,1,68.0,0,1,8.0,6.0,8.8,245.0,177.0
2025,Mexico City Grand Prix,ANT,Mercedes,6.0,8.0,0 days 00:01:23.470577464,0 days 00:01:20.826000,71,20,0,0,0,76.0,0,1,10.0,5.0,8.0,270.0,194.0
2025,Las Vegas Grand Prix,ANT,Mercedes,3.0,15.0,0 days 00:01:37.878340,0 days 00:01:33.998000,50,22,0,1,1,91.0,0,2,11.0,4.666666666666667,5.4,270.0,179.0
2025,Abu Dhabi Grand Prix,ANT,Mercedes,15.0,0.0,0 days 00:01:30.549448275,0 days 00:01:28.029000,58,24,0,0,0,91.0,0,2,7.666666666666667,8.0,6.6,288.0,197.0
2025,Australian Grand Prix,BEA,Haas F1 Team,14.0,0.0,0 days 00:01:43.870075471,0 days 00:01:27.603000,57,1,0,0,0,0.0,0,0,0.0,14.0,14.0,25.0,25.0
2025,Japanese Grand Prix,BEA,Haas F1 Team,10.0,1.0,0 days 00:01:33.990792452,0 days 00:01:32.006000,53,3,0,0,0,1.0,0,0,0.5,12.0,12.0,43.0,42.0
2025,Bahrain Grand Prix,BEA,Haas F1 Team,10.0,1.0,0 days 00:01:41.526824561,0 days 00:01:37.303000,57,4,0,0,0,2.0,0,0,0.6666666666666666,11.333333333333334,11.333333333333334,58.0,56.0
2025,Saudi Arabian Grand Prix,BEA,Haas F1 Team,13.0,0.0,0 days 00:01:36.305375,0 days 00:01:33.238000,50,5,0,0,0,2.0,0,0,0.6666666666666666,11.0,11.75,70.0,68.0
2025,Emilia Romagna Grand Prix,BEA,Haas F1 Team,17.0,0.0,0 days 00:01:27.730269841,0 days 00:01:19.521000,63,7,0,0,0,2.0,0,0,0.3333333333333333,13.333333333333334,12.8,94.0,92.0
2025,Monaco Grand Prix,BEA,Haas F1 Team,12.0,0.0,0 days 00:01:20.112315789,0 days 00:01:14.855000,76,8,0,0,0,2.0,0,0,0.0,14.0,12.4,113.0,111.0
2025,Spanish Grand Prix,BEA,Haas F1 Team,17.0,0.0,0 days 00:01:24.915757575,0 days 00:01:18.907000,66,9,0,0,0,2.0,0,0,0.0,15.333333333333334,13.8,131.0,129.0
2025,Canadian Grand Prix,BEA,Haas F1 Team,11.0,0.0,0 days 00:01:19.947898550,0 days 00:01:15.397000,69,10,0,0,0,2.0,0,0,0.0,13.333333333333334,14.0,134.0,132.0
2025,Austrian Grand Prix,BEA,Haas F1 Team,11.0,0.0,0 days 00:01:13.225318840,0 days 00:01:09.960000,69,11,0,0,0,2.0,0,0,0.0,13.0,13.6,156.0,154.0
2025,British Grand Prix,BEA,Haas F1 Team,11.0,0.0,0 days 00:01:48.613659574,0 days 00:01:30.921000,52,12,0,0,0,2.0,0,0,0.0,11.0,12.4,181.0,179.0
2025,Hungarian Grand Prix,BEA,Haas F1 Team,20.0,0.0,0 days 00:01:24.161437500,0 days 00:01:21.989000,48,14,0,0,0,2.0,0,0,0.0,14.0,14.0,206.0,204.0
2025,Dutch Grand Prix,BEA,Haas F1 Team,6.0,8.0,0 days 00:01:22.206847222,0 days 00:01:13.950000,72,15,0,0,0,10.0,0,0,2.6666666666666665,12.333333333333334,11.8,213.0,203.0
2025,Italian Grand Prix,BEA,Haas F1 Team,12.0,0.0,0 days 00:01:24.407792452,0 days 00:01:21.820000,53,16,0,0,0,10.0,0,0,2.6666666666666665,12.666666666666666,12.0,228.0,218.0
2025,Azerbaijan Grand Prix,BEA,Haas F1 Team,12.0,0.0,0 days 00:01:47.843500,0 days 00:01:44.288000,51,17,0,0,0,10.0,0,0,2.6666666666666665,10.0,12.2,230.0,220.0
2025,Singapore Grand Prix,BEA,Haas F1 Team,9.0,2.0,0 days 00:01:38.643451612,0 days 00:01:36.201000,62,18,0,0,0,12.0,0,0,0.6666666666666666,11.0,11.8,245.0,233.0
2025,Mexico City Grand Prix,BEA,Haas F1 Team,4.0,12.0,0 days 00:01:23.373647887,0 days 00:01:20.705000,71,20,0,0,1,24.0,0,0,4.666666666666667,8.333333333333334,8.6,270.0,246.0
2025,Las Vegas Grand Prix,BEA,Haas F1 Team,10.0,1.0,0 days 00:01:38.779560,0 days 00:01:34.519000,50,22,0,0,0,25.0,0,0,5.0,7.666666666666667,9.4,270.0,245.0
2025,Abu Dhabi Grand Prix,BEA,Haas F1 Team,12.0,0.0,0 days 00:01:30.407500,0 days 00:01:28.976000,58,24,0,0,0,25.0,0,0,4.333333333333333,8.666666666666666,9.4,288.0,263.0
2025,Australian Grand Prix,BOR,Kick Sauber,16.0,0.0,0 days 00:01:42.655634146,0 days 00:01:24.192000,46,1,0,0,0,0.0,0,0,0.0,16.0,16.0,25.0,25.0
2025,Japanese Grand Prix,BOR,Kick Sauber,19.0,0.0,0 days 00:01:34.544905660,0 days 00:01:32.034000,53,3,0,0,0,0.0,0,0,0.0,17.5,17.5,43.0,43.0
2025,Bahrain Grand Prix,BOR,Kick Sauber,18.0,0.0,0 days 00:01:40.971571428,0 days 00:01:38.006000,57,4,0,0,0,0.0,0,0,0.0,17.666666666666668,17.666666666666668,58.0,58.0
2025,Saudi Arabian Grand Prix,BOR,Kick Sauber,18.0,0.0,0 days 00:01:37.150893617,0 days 00:01:34.447000,49,5,0,0,0,0.0,0,0,0.0,18.333333333333332,17.75,70.0,70.0
2025,Emilia Romagna Grand Prix,BOR,Kick Sauber,18.0,0.0,0 days 00:01:27.805888888,0 days 00:01:20.630000,63,7,0,0,0,0.0,0,0,0.0,18.0,17.8,94.0,94.0
2025,Monaco Grand Prix,BOR,Kick Sauber,14.0,0.0,0 days 00:01:20.292986842,0 days 00:01:14.884000,76,8,0,0,0,0.0,0,0,0.0,16.666666666666668,17.4,113.0,113.0
2025,Spanish Grand Prix,BOR,Kick Sauber,12.0,0.0,0 days 00:01:24.899560606,0 days 00:01:18.297000,66,9,0,0,0,0.0,0,0,0.0,14.666666666666666,16.0,131.0,131.0
2025,Canadian Grand Prix,BOR,Kick Sauber,14.0,0.0,0 days 00:01:20.008217391,0 days 00:01:15.414000,69,10,0,0,0,0.0,0,0,0.0,13.333333333333334,15.2,134.0,134.0
2025,Austrian Grand Prix,BOR,Kick Sauber,8.0,4.0,0 days 00:01:12.893405797,0 days 00:01:09.247000,69,11,0,0,0,4.0,0,0,1.3333333333333333,11.333333333333334,13.2,156.0,152.0
2025,British Grand Prix,BOR,Kick Sauber,18.0,0.0,0 days 00:02:16.367666666,0 days 00:02:15.202000,4,12,0,0,0,4.0,0,0,1.3333333333333333,13.333333333333334,13.2,181.0,177.0
2025,Hungarian Grand Prix,BOR,Kick Sauber,6.0,8.0,0 days 00:01:22.677142857,0 days 00:01:20.705000,70,14,0,0,0,12.0,0,0,4.0,10.666666666666666,11.6,206.0,194.0
2025,Dutch Grand Prix,BOR,Kick Sauber,15.0,0.0,0 days 00:01:22.380750,0 days 00:01:14.307000,72,15,0,0,0,12.0,0,0,2.6666666666666665,13.0,12.2,213.0,201.0
2025,Italian Grand Prix,BOR,Kick Sauber,8.0,4.0,0 days 00:01:24.203943396,0 days 00:01:22.139000,53,16,0,0,0,16.0,0,0,4.0,9.666666666666666,11.0,228.0,212.0
2025,Azerbaijan Grand Prix,BOR,Kick Sauber,11.0,0.0,0 days 00:01:47.771229166,0 days 00:01:44.930000,51,17,0,0,0,16.0,0,0,1.3333333333333333,11.333333333333334,11.6,230.0,214.0
2025,Singapore Grand Prix,BOR,Kick Sauber,17.0,0.0,0 days 00:01:39.493770491,0 days 00:01:37.126000,61,18,0,0,0,16.0,0,0,1.3333333333333333,12.0,11.4,245.0,229.0
2025,Mexico City Grand Prix,BOR,Kick Sauber,10.0,1.0,0 days 00:01:23.879394366,0 days 00:01:21.121000,71,20,0,0,0,17.0,0,0,0.3333333333333333,12.666666666666666,12.2,270.0,253.0
2025,Las Vegas Grand Prix,BOR,Kick Sauber,17.0,0.0,0 days 00:02:10.427000,0 days 00:02:10.427000,2,22,0,0,0,17.0,0,0,0.3333333333333333,14.666666666666666,12.6,270.0,253.0
2025,Abu Dhabi Grand Prix,BOR,Kick Sauber,11.0,0.0,0 days 00:01:30.491586206,0 days 00:01:29.114000,58,24,0,0,0,17.0,0,0,0.3333333333333333,12.666666666666666,13.2,288.0,271.0
2025,Emilia Romagna Grand Prix,COL,Alpine,16.0,0.0,0 days 00:01:27.723968253,0 days 00:01:20.345000,63,7,0,0,0,0.0,0,0,0.0,16.0,16.0,94.0,94.0
2025,Monaco Grand Prix,COL,Alpine,13.0,0.0,0 days 00:01:20.144171052,0 days 00:01:15.298000,76,8,0,0,0,0.0,0,0,0.0,14.5,14.5,113.0,113.0
2025,Spanish Grand Prix,COL,Alpine,15.0,0.0,0 days 00:01:24.981151515,0 days 00:01:18.353000,66,9,0,0,0,0.0,0,0,0.0,14.666666666666666,14.666666666666666,131.0,131.0
2025,Canadian Grand Prix,COL,Alpine,13.0,0.0,0 days 00:01:19.995739130,0 days 00:01:16.076000,69,10,0,0,0,0.0,0,0,0.0,13.666666666666666,14.25,134.0,134.0
2025,Austrian Grand Prix,COL,Alpine,15.0,0.0,0 days 00:01:13.411376811,0 days 00:01:09.621000,69,11,0,0,0,0.0,0,0,0.0,14.333333333333334,14.4,156.0,156.0
2025,British Grand Prix,COL,Alpine,20.0,0.0,,,1,12,0,0,0,0.0,0,0,0.0,16.0,15.2,181.0,181.0
2025,Hungarian Grand Prix,COL,Alpine,18.0,0.0,0 days 00:01:23.602913043,0 days 00:01:20.827000,69,14,0,0,0,0.0,0,0,0.0,17.666666666666668,16.2,206.0,206.0
2025,Dutch Grand Prix,COL,Alpine,11.0,0.0,0 days 00:01:22.282777777,0 days 00:01:13.049000,72,15,0,0,0,0.0,0,0,0.0,16.333333333333332,15.4,213.0,213.0
2025,Italian Grand Prix,COL,Alpine,17.0,0.0,0 days 00:01:24.841788461,0 days 00:01:22.239000,52,16,0,0,0,0.0,0,0,0.0,15.333333333333334,16.2,228.0,228.0
2025,Azerbaijan Grand Prix,COL,Alpine,19.0,0.0,0 days 00:01:48.800914893,0 days 00:01:46.055000,50,17,0,0,0,0.0,0,0,0.0,15.666666666666666,17.0,230.0,230.0
2025,Singapore Grand Prix,COL,Alpine,16.0,0.0,0 days 00:01:39.430442622,0 days 00:01:37.182000,61,18,0,0,0,0.0,0,0,0.0,17.333333333333332,16.2,245.0,245.0
2025,Mexico City Grand Prix,COL,Alpine,16.0,0.0,0 days 00:01:24.613571428,0 days 00:01:21.342000,70,20,0,0,0,0.0,0,0,0.0,17.0,15.8,270.0,270.0
2025,Las Vegas Grand Prix,COL,Alpine,15.0,0.0,0 days 00:01:39.569142857,0 days 00:01:35.780000,49,22,0,0,0,0.0,0,0,0.0,15.666666666666666,16.6,270.0,270.0
2025,Abu Dhabi Grand Prix,COL,Alpine,20.0,0.0,0 days 00:01:30.903017543,0 days 00:01:27.710000,57,24,0,0,0,0.0,0,0,0.0,17.0,17.2,288.0,288.0
2025,Australian Grand Prix,DOO,Alpine,19.0,0.0,,,1,1,0,0,0,0.0,0,0,0.0,19.0,19.0,25.0,25.0
2025,Japanese Grand Prix,DOO,Alpine,15.0,0.0,0 days 00:01:34.496169811,0 days 00:01:32.685000,53,3,0,0,0,0.0,0,0,0.0,17.0,17.0,43.0,43.0
2025,Bahrain Grand Prix,DOO,Alpine,14.0,0.0,0 days 00:01:41.618263157,0 days 00:01:36.682000,57,4,0,0,0,0.0,0,0,0.0,16.0,16.0,58.0,58.0
2025,Saudi Arabian Grand Prix,DOO,Alpine,17.0,0.0,0 days 00:01:37.136212765,0 days 00:01:33.150000,49,5,0,0,0,0.0,0,0,0.0,15.333333333333334,16.25,70.0,70.0
2025,Australian Grand Prix,GAS,Alpine,11.0,0.0,0 days 00:01:44.889166666,0 days 00:01:25.020000,57,1,0,0,0,0.0,0,0,0.0,11.0,11.0,25.0,25.0
2025,Japanese Grand Prix,GAS,Alpine,13.0,0.0,0 days 00:01:34.134056603,0 days 00:01:31.820000,53,3,0,0,0,0.0,0,0,0.0,12.0,12.0,43.0,43.0
2025,Bahrain Grand Prix,GAS,Alpine,7.0,6.0,0 days 00:01:41.323456140,0 days 00:01:36.531000,57,4,0,0,0,6.0,0,0,2.0,10.333333333333334,10.333333333333334,58.0,52.0
2025,Saudi Arabian Grand Prix,GAS,Alpine,20.0,0.0,,,1,5,0,0,0,6.0,0,0,2.0,13.333333333333334,12.75,70.0,64.0
2025,Emilia Romagna Grand Prix,GAS,Alpine,13.0,0.0,0 days 00:01:27.692428571,0 days 00:01:20.398000,63,7,0,0,0,6.0,0,0,2.0,13.333333333333334,12.8,94.0,88.0
2025,Monaco Grand Prix,GAS,Alpine,20.0,0.0,0 days 00:01:33.944142857,0 days 00:01:18.054000,8,8,0,0,0,6.0,0,0,0.0,17.666666666666668,14.6,113.0,107.0
2025,Spanish Grand Prix,GAS,Alpine,8.0,4.0,0 days 00:01:24.776621212,0 days 00:01:17.896000,66,9,0,0,0,10.0,0,0,1.3333333333333333,13.666666666666666,13.6,131.0,121.0
2025,Canadian Grand Prix,GAS,Alpine,15.0,0.0,0 days 00:01:20.009246376,0 days 00:01:14.993000,69,10,0,0,0,10.0,0,0,1.3333333333333333,14.333333333333334,15.2,134.0,124.0
2025,Austrian Grand Prix,GAS,Alpine,13.0,0.0,0 days 00:01:13.344173913,0 days 00:01:10.151000,69,11,0,0,0,10.0,0,0,1.3333333333333333,12.0,13.8,156.0,146.0
2025,British Grand Prix,GAS,Alpine,6.0,8.0,0 days 00:01:48.054234042,0 days 00:01:30.751000,52,12,0,0,0,18.0,0,0,2.6666666666666665,11.333333333333334,12.4,181.0,163.0
2025,Hungarian Grand Prix,GAS,Alpine,19.0,0.0,0 days 00:01:23.588043478,0 days 00:01:21.433000,69,14,0,0,0,18.0,0,0,2.6666666666666665,12.666666666666666,12.2,206.0,188.0
2025,Dutch Grand Prix,GAS,Alpine,17.0,0.0,0 days 00:01:22.409416666,0 days 00:01:15.248000,72,15,0,0,0,18.0,0,0,2.6666666666666665,14.0,14.0,213.0,195.0
2025,Italian Grand Prix,GAS,Alpine,16.0,0.0,0 days 00:01:24.810807692,0 days 00:01:22.185000,52,16,0,0,0,18.0,0,0,0.0,17.333333333333332,14.2,228.0,210.0
2025,Azerbaijan Grand Prix,GAS,Alpine,18.0,0.0,0 days 00:01:48.805659574,0 days 00:01:45.492000,50,17,0,0,0,18.0,0,0,0.0,17.0,15.2,230.0,212.0
2025,Singapore Grand Prix,GAS,Alpine,19.0,0.0,0 days 00:01:39.505377049,0 days 00:01:34.573000,61,18,0,0,0,18.0,0,0,0.0,17.666666666666668,17.8,245.0,227.0
2025,Mexico City Grand Prix,GAS,Alpine,15.0,0.0,0 days 00:01:24.609342857,0 days 00:01:22.271000,70,20,0,0,0,18.0,0,0,0.0,17.333333333333332,17.0,270.0,252.0
2025,Las Vegas Grand Prix,GAS,Alpine,13.0,0.0,0 days 00:01:39.202620,0 days 00:01:35.674000,50,22,0,0,0,18.0,0,0,0.0,15.666666666666666,16.2,270.0,252.0
2025,Abu Dhabi Grand Prix,GAS,Alpine,19.0,0.0,0 days 00:01:30.778543859,0 days 00:01:27.767000,57,24,0,0,0,18.0,0,0,0.0,15.666666666666666,16.8,288.0,270.0
2025,Australian Grand Prix,HAD,Racing Bulls,20.0,0.0,,,1,1,0,0,0,0.0,0,0,0.0,20.0,20.0,25.0,25.0
2025,Japanese Grand Prix,HAD,Racing Bulls,8.0,4.0,0 days 00:01:33.662584905,0 days 00:01:31.317000,53,3,0,0,0,4.0,0,0,2.0,14.0,14.0,43.0,39.0
2025,Bahrain Grand Prix,HAD,Racing Bulls,13.0,0.0,0 days 00:01:41.679807017,0 days 00:01:36.952000,57,4,0,0,0,4.0,0,0,1.3333333333333333,13.666666666666666,13.666666666666666,58.0,54.0
2025,Saudi Arabian Grand Prix,HAD,Racing Bulls,10.0,1.0,0 days 00:01:36.001020833,0 days 00:01:33.257000,50,5,0,0,0,5.0,0,0,1.6666666666666667,10.333333333333334,12.75,70.0,65.0
2025,Emilia Romagna Grand Prix,HAD,Racing Bulls,9.0,2.0,0 days 00:01:27.568015873,0 days 00:01:19.473000,63,7,0,0,0,7.0,0,0,1.0,10.666666666666666,12.0,94.0,87.0
2025,Monaco Grand Prix,HAD,Racing Bulls,6.0,8.0,0 days 00:01:19.206818181,0 days 00:01:15.981000,77,8,0,0,0,15.0,0,0,3.6666666666666665,8.333333333333334,9.2,113.0,98.0
2025,Spanish Grand Prix,HAD,Racing Bulls,7.0,6.0,0 days 00:01:24.748439393,0 days 00:01:17.770000,66,9,0,0,0,21.0,0,0,5.333333333333333,7.333333333333333,9.0,131.0,110.0
2025,Canadian Grand Prix,HAD,Racing Bulls,16.0,0.0,0 days 00:01:20.020652173,0 days 00:01:16.292000,69,10,0,0,0,21.0,0,0,4.666666666666667,9.666666666666666,9.6,134.0,113.0
2025,Austrian Grand Prix,HAD,Racing Bulls,12.0,0.0,0 days 00:01:13.270289855,0 days 00:01:10.204000,69,11,0,0,0,21.0,0,0,2.0,11.666666666666666,10.0,156.0,135.0
2025,British Grand Prix,HAD,Racing Bulls,17.0,0.0,0 days 00:02:02.031600,0 days 00:01:41.705000,18,12,0,0,0,21.0,0,0,0.0,15.0,11.6,181.0,160.0
2025,Hungarian Grand Prix,HAD,Racing Bulls,11.0,0.0,0 days 00:01:23.039579710,0 days 00:01:20.802000,69,14,0,0,0,21.0,0,0,0.0,13.333333333333334,12.6,206.0,185.0
2025,Dutch Grand Prix,HAD,Racing Bulls,3.0,15.0,0 days 00:01:22.126138888,0 days 00:01:13.327000,72,15,0,1,1,36.0,0,1,5.0,10.333333333333334,11.8,213.0,177.0
2025,Italian Grand Prix,HAD,Racing Bulls,10.0,1.0,0 days 00:01:24.305962264,0 days 00:01:22.133000,53,16,0,0,0,37.0,0,1,5.333333333333333,8.0,10.6,228.0,191.0
2025,Azerbaijan Grand Prix,HAD,Racing Bulls,10.0,1.0,0 days 00:01:47.080291666,0 days 00:01:43.884000,51,17,0,0,0,38.0,0,1,5.666666666666667,7.666666666666667,10.2,230.0,192.0
2025,Singapore Grand Prix,HAD,Racing Bulls,11.0,0.0,0 days 00:01:39.011508196,0 days 00:01:36.938000,61,18,0,0,0,38.0,0,1,0.6666666666666666,10.333333333333334,9.0,245.0,207.0
2025,Mexico City Grand Prix,HAD,Racing Bulls,13.0,0.0,0 days 00:01:24.074714285,0 days 00:01:21.714000,70,20,0,0,0,38.0,0,1,0.3333333333333333,11.333333333333334,9.4,270.0,232.0
2025,Las Vegas Grand Prix,HAD,Racing Bulls,6.0,8.0,0 days 00:01:38.273720,0 days 00:01:34.620000,50,22,0,0,0,46.0,0,1,2.6666666666666665,10.0,10.0,270.0,224.0
2025,Abu Dhabi Grand Prix,HAD,Racing Bulls,17.0,0.0,0 days 00:01:30.680631578,0 days 00:01:29.375000,57,24,0,0,0,46.0,0,1,2.6666666666666665,12.0,11.4,288.0,242.0
2025,Australian Grand Prix,HAM,Ferrari,10.0,1.0,0 days 00:01:43.967188679,0 days 00:01:24.218000,57,1,0,0,0,1.0,0,0,1.0,10.0,10.0,25.0,24.0
2025,Japanese Grand Prix,HAM,Ferrari,7.0,6.0,0 days 00:01:33.512547169,0 days 00:01:31.406000,53,3,0,0,0,7.0,0,0,3.5,8.5,8.5,43.0,36.0
2025,Bahrain Grand Prix,HAM,Ferrari,5.0,10.0,0 days 00:01:40.272035714,0 days 00:01:36.235000,57,4,0,0,1,17.0,0,0,5.666666666666667,7.333333333333333,7.333333333333333,58.0,41.0
2025,Saudi Arabian Grand Prix,HAM,Ferrari,7.0,6.0,0 days 00:01:35.272270833,0 days 00:01:32.600000,50,5,0,0,0,23.0,0,0,7.333333333333333,6.333333333333333,7.25,70.0,47.0
2025,Emilia Romagna Grand Prix,HAM,Ferrari,4.0,12.0,0 days 00:01:27.421507936,0 days 00:01:18.265000,63,7,0,0,1,35.0,0,0,9.333333333333334,5.333333333333333,6.6,94.0,59.0
2025,Monaco Grand Prix,HAM,Ferrari,5.0,10.0,0 days 00:01:18.015769230,0 days 00:01:14.090000,78,8,0,0,1,45.0,0,0,9.333333333333334,5.333333333333333,5.6,113.0,68.0
2025,Spanish Grand Prix,HAM,Ferrari,6.0,8.0,0 days 00:01:24.740651515,0 days 00:01:17.706000,66,9,0,0,0,53.0,0,0,10.0,5.0,5.4,131.0,78.0
2025,Canadian Grand Prix,HAM,Ferrari,6.0,8.0,0 days 00:01:18.905728571,0 days 00:01:14.805000,70,10,0,0,0,61.0,0,0,8.666666666666666,5.666666666666667,5.6,134.0,73.0
2025,Austrian Grand Prix,HAM,Ferrari,4.0,12.0,0 days 00:01:12.238757142,0 days 00:01:08.628000,70,11,0,0,1,73.0,0,0,9.333333333333334,5.333333333333333,5.0,156.0,83.0
2025,British Grand Prix,HAM,Ferrari,4.0,12.0,0 days 00:01:47.648276595,0 days 00:01:30.016000,52,12,0,0,1,85.0,0,0,10.666666666666666,4.666666666666667,5.0,181.0,96.0
2025,Hungarian Grand Prix,HAM,Ferrari,12.0,0.0,0 days 00:01:23.059304347,0 days 00:01:20.022000,69,14,0,0,0,85.0,0,0,8.0,6.666666666666667,6.4,206.0,121.0
2025,Dutch Grand Prix,HAM,Ferrari,20.0,0.0,0 days 00:01:16.612636363,0 days 00:01:15.684000,23,15,0,0,0,85.0,0,0,4.0,12.0,9.2,213.0,128.0
2025,Italian Grand Prix,HAM,Ferrari,6.0,8.0,0 days 00:01:23.807056603,0 days 00:01:21.546000,53,16,0,0,0,93.0,0,0,2.6666666666666665,12.666666666666666,9.2,228.0,135.0
2025,Azerbaijan Grand Prix,HAM,Ferrari,8.0,4.0,0 days 00:01:47.092625,0 days 00:01:43.977000,51,17,0,0,0,97.0,0,0,4.0,11.333333333333334,10.0,230.0,133.0
2025,Singapore Grand Prix,HAM,Ferrari,8.0,4.0,0 days 00:01:38.429322580,0 days 00:01:33.808000,62,18,0,0,0,101.0,0,0,5.333333333333333,7.333333333333333,10.8,245.0,144.0
2025,Mexico City Grand Prix,HAM,Ferrari,8.0,4.0,0 days 00:01:23.591830985,0 days 00:01:20.601000,71,20,0,0,0,105.0,0,0,4.0,8.0,10.0,270.0,165.0
2025,Las Vegas Grand Prix,HAM,Ferrari,8.0,4.0,0 days 00:01:38.555960,0 days 00:01:34.553000,50,22,0,0,0,109.0,0,0,4.0,8.0,7.6,270.0,161.0
2025,Abu Dhabi Grand Prix,HAM,Ferrari,8.0,4.0,0 days 00:01:30.347224137,0 days 00:01:28.094000,58,24,0,0,0,113.0,0,0,4.0,8.0,8.0,288.0,175.0
2025,Australian Grand Prix,HUL,Kick Sauber,7.0,6.0,0 days 00:01:44.740166666,0 days 00:01:25.243000,57,1,0,0,0,6.0,0,0,6.0,7.0,7.0,25.0,19.0
2025,Japanese Grand Prix,HUL,Kick Sauber,16.0,0.0,0 days 00:01:34.508301886,0 days 00:01:32.572000,53,3,0,0,0,6.0,0,0,3.0,11.5,11.5,43.0,37.0
2025,Bahrain Grand Prix,HUL,Kick Sauber,20.0,0.0,0 days 00:01:41.629947368,0 days 00:01:37.338000,57,4,0,0,0,6.0,0,0,2.0,14.333333333333334,14.333333333333334,58.0,52.0
2025,Saudi Arabian Grand Prix,HUL,Kick Sauber,15.0,0.0,0 days 00:01:36.809021276,0 days 00:01:33.446000,49,5,0,0,0,6.0,0,0,0.0,17.0,14.5,70.0,64.0
2025,Emilia Romagna Grand Prix,HUL,Kick Sauber,12.0,0.0,0 days 00:01:27.674523809,0 days 00:01:20.401000,63,7,0,0,0,6.0,0,0,0.0,15.666666666666666,14.0,94.0,88.0
2025,Monaco Grand Prix,HUL,Kick Sauber,16.0,0.0,0 days 00:01:20.334039473,0 days 00:01:15.223000,76,8,0,0,0,6.0,0,0,0.0,14.333333333333334,15.8,113.0,107.0
2025,Spanish Grand Prix,HUL,Kick Sauber,5.0,10.0,0 days 00:01:24.712469696,0 days 00:01:17.575000,66,9,0,0,1,16.0,0,0,3.3333333333333335,11.0,13.6,131.0,115.0
2025,Canadian Grand Prix,HUL,Kick Sauber,8.0,4.0,0 days 00:01:18.972171428,0 days 00:01:15.372000,70,10,0,0,0,20.0,0,0,4.666666666666667,9.666666666666666,11.2,134.0,114.0
2025,Austrian Grand Prix,HUL,Kick Sauber,9.0,2.0,0 days 00:01:12.977000,0 days 00:01:09.459000,69,11,0,0,0,22.0,0,0,5.333333333333333,7.333333333333333,10.0,156.0,134.0
2025,British Grand Prix,HUL,Kick Sauber,3.0,15.0,0 days 00:01:46.569260869,0 days 00:01:30.933000,52,12,0,1,1,37.0,0,1,7.0,6.666666666666667,8.2,181.0,144.0
2025,Hungarian Grand Prix,HUL,Kick Sauber,13.0,0.0,0 days 00:01:23.369550724,0 days 00:01:20.013000,69,14,0,0,0,37.0,0,1,5.666666666666667,8.333333333333334,7.6,206.0,169.0
2025,Dutch Grand Prix,HUL,Kick Sauber,14.0,0.0,0 days 00:01:22.355194444,0 days 00:01:14.912000,72,15,0,0,0,37.0,0,1,5.0,10.0,9.4,213.0,176.0
2025,Italian Grand Prix,HUL,Kick Sauber,20.0,0.0,,,1,16,0,0,0,37.0,0,1,0.0,15.666666666666666,11.8,228.0,191.0
2025,Azerbaijan Grand Prix,HUL,Kick Sauber,16.0,0.0,0 days 00:01:48.143395833,0 days 00:01:44.370000,51,17,0,0,0,37.0,0,1,0.0,16.666666666666668,13.2,230.0,193.0
2025,Singapore Grand Prix,HUL,Kick Sauber,20.0,0.0,0 days 00:01:39.531262295,0 days 00:01:35.404000,61,18,0,0,0,37.0,0,1,0.0,18.666666666666668,16.6,245.0,208.0
2025,Mexico City Grand Prix,HUL,Kick Sauber,19.0,0.0,0 days 00:01:25.005360,0 days 00:01:23.091000,25,20,0,0,0,37.0,0,1,0.0,18.333333333333332,17.8,270.0,233.0
2025,Las Vegas Grand Prix,HUL,Kick Sauber,7.0,6.0,0 days 00:01:38.391260,0 days 00:01:34.592000,50,22,0,0,0,43.0,0,1,2.0,15.333333333333334,16.4,270.0,227.0
2025,Abu Dhabi Grand Prix,HUL,Kick Sauber,9.0,2.0,0 days 00:01:30.456603448,0 days 00:01:27.050000,58,24,0,0,0,45.0,0,1,2.6666666666666665,11.666666666666666,14.2,288.0,243.0
2025,Australian Grand Prix,LAW,Red Bull Racing,15.0,0.0,0 days 00:01:41.752523809,0 days 00:01:22.970000,47,1,0,0,0,0.0,0,0,0.0,15.0,15.0,25.0,25.0
2025,Japanese Grand Prix,LAW,Racing Bulls,17.0,0.0,0 days 00:01:34.522962264,0 days 00:01:32.043000,53,3,0,0,0,0.0,0,0,0.0,16.0,16.0,43.0,43.0
2025,Bahrain Grand Prix,LAW,Racing Bulls,16.0,0.0,0 days 00:01:40.656357142,0 days 00:01:37.380000,57,4,0,0,0,0.0,0,0,0.0,16.0,16.0,58.0,58.0
2025,Saudi Arabian Grand Prix,LAW,Racing Bulls,12.0,0.0,0 days 00:01:36.065041666,0 days 00:01:32.998000,50,5,0,0,0,0.0,0,0,0.0,15.0,15.0,70.0,70.0
2025,Emilia Romagna Grand Prix,LAW,Racing Bulls,14.0,0.0,0 days 00:01:27.709682539,0 days 00:01:20.473000,63,7,0,0,0,0.0,0,0,0.0,14.0,14.8,94.0,94.0
2025,Monaco Grand Prix,LAW,Racing Bulls,8.0,4.0,0 days 00:01:19.228428571,0 days 00:01:15.321000,77,8,0,0,0,4.0,0,0,1.3333333333333333,11.333333333333334,13.4,113.0,109.0
2025,Spanish Grand Prix,LAW,Racing Bulls,11.0,0.0,0 days 00:01:24.892530303,0 days 00:01:19.424000,66,9,0,0,0,4.0,0,0,1.3333333333333333,11.0,12.2,131.0,127.0
2025,Canadian Grand Prix,LAW,Racing Bulls,19.0,0.0,0 days 00:01:18.420226415,0 days 00:01:16.320000,54,10,0,0,0,4.0,0,0,1.3333333333333333,12.666666666666666,12.8,134.0,130.0
2025,Austrian Grand Prix,LAW,Racing Bulls,6.0,8.0,0 days 00:01:12.792100,0 days 00:01:09.977000,70,11,0,0,0,12.0,0,0,2.6666666666666665,12.0,11.6,156.0,144.0
2025,British Grand Prix,LAW,Racing Bulls,19.0,0.0,,,1,12,0,0,0,12.0,0,0,2.6666666666666665,14.666666666666666,12.6,181.0,169.0
2025,Hungarian Grand Prix,LAW,Racing Bulls,8.0,4.0,0 days 00:01:22.724028571,0 days 00:01:20.457000,70,14,0,0,0,16.0,0,0,4.0,11.0,12.6,206.0,190.0
2025,Dutch Grand Prix,LAW,Racing Bulls,12.0,0.0,0 days 00:01:22.318222222,0 days 00:01:13.879000,72,15,0,0,0,16.0,0,0,1.3333333333333333,13.0,12.8,213.0,197.0
2025,Italian Grand Prix,LAW,Racing Bulls,14.0,0.0,0 days 00:01:24.654264150,0 days 00:01:22.777000,53,16,0,0,0,16.0,0,0,1.3333333333333333,11.333333333333334,11.8,228.0,212.0
2025,Azerbaijan Grand Prix,LAW,Racing Bulls,5.0,10.0,0 days 00:01:46.787541666,0 days 00:01:44.531000,51,17,0,0,1,26.0,0,0,3.3333333333333335,10.333333333333334,11.6,230.0,204.0
2025,Singapore Grand Prix,LAW,Racing Bulls,15.0,0.0,0 days 00:01:39.172327868,0 days 00:01:35.641000,61,18,0,0,0,26.0,0,0,3.3333333333333335,11.333333333333334,10.8,245.0,219.0
2025,Mexico City Grand Prix,LAW,Racing Bulls,20.0,0.0,0 days 00:01:36.384400,0 days 00:01:25.124000,5,20,0,0,0,26.0,0,0,3.3333333333333335,13.333333333333334,13.2,270.0,244.0
2025,Las Vegas Grand Prix,LAW,Racing Bulls,14.0,0.0,0 days 00:01:39.422857142,0 days 00:01:34.837000,49,22,0,0,0,26.0,0,0,0.0,16.333333333333332,13.6,270.0,244.0
2025,Abu Dhabi Grand Prix,LAW,Racing Bulls,18.0,0.0,0 days 00:01:30.739087719,0 days 00:01:28.886000,57,24,0,0,0,26.0,0,0,0.0,17.333333333333332,14.4,288.0,262.0
2025,Australian Grand Prix,LEC,Ferrari,8.0,4.0,0 days 00:01:43.933528301,0 days 00:01:25.271000,57,1,0,0,0,4.0,0,0,4.0,8.0,8.0,25.0,21.0
2025,Japanese Grand Prix,LEC,Ferrari,4.0,12.0,0 days 00:01:33.265660377,0 days 00:01:31.469000,53,3,0,0,1,16.0,0,0,8.0,6.0,6.0,43.0,27.0
2025,Bahrain Grand Prix,LEC,Ferrari,4.0,12.0,0 days 00:01:40.018642857,0 days 00:01:36.132000,57,4,0,0,1,28.0,0,0,9.333333333333334,5.333333333333333,5.333333333333333,58.0,30.0
2025,Saudi Arabian Grand Prix,LEC,Ferrari,3.0,15.0,0 days 00:01:34.547104166,0 days 00:01:32.192000,50,5,0,1,1,43.0,0,1,13.0,3.6666666666666665,4.75,70.0,27.0
2025,Emilia Romagna Grand Prix,LEC,Ferrari,6.0,8.0,0 days 00:01:27.523380952,0 days 00:01:19.048000,63,7,0,0,0,51.0,0,1,11.666666666666666,4.333333333333333,5.0,94.0,43.0
2025,Monaco Grand Prix,LEC,Ferrari,2.0,18.0,0 days 00:01:17.397102564,0 days 00:01:14.055000,78,8,0,1,1,69.0,0,2,13.666666666666666,3.6666666666666665,3.8,113.0,44.0
2025,Spanish Grand Prix,LEC,Ferrari,3.0,15.0,0 days 00:01:24.664090909,0 days 00:01:17.259000,66,9,0,1,1,84.0,0,3,13.666666666666666,3.6666666666666665,3.6,131.0,47.0
2025,Canadian Grand Prix,LEC,Ferrari,5.0,10.0,0 days 00:01:18.801857142,0 days 00:01:14.261000,70,10,0,0,1,94.0,0,3,14.333333333333334,3.3333333333333335,3.8,134.0,40.0
2025,Austrian Grand Prix,LEC,Ferrari,3.0,15.0,0 days 00:01:12.107328571,0 days 00:01:08.765000,70,11,0,1,1,109.0,0,4,13.333333333333334,3.6666666666666665,3.8,156.0,47.0
2025,British Grand Prix,LEC,Ferrari,14.0,0.0,0 days 00:01:48.809574468,0 days 00:01:30.819000,52,12,0,0,0,109.0,0,4,8.333333333333334,7.333333333333333,5.4,181.0,72.0
2025,Hungarian Grand Prix,LEC,Ferrari,4.0,12.0,0 days 00:01:22.268442857,0 days 00:01:20.440000,70,14,0,0,1,121.0,0,4,9.0,7.0,5.8,206.0,85.0
2025,Dutch Grand Prix,LEC,Ferrari,19.0,0.0,0 days 00:01:18.788807692,0 days 00:01:14.557000,52,15,0,0,0,121.0,0,4,4.0,12.333333333333334,9.0,213.0,92.0
2025,Italian Grand Prix,LEC,Ferrari,4.0,12.0,0 days 00:01:23.583943396,0 days 00:01:21.294000,53,16,0,0,1,133.0,0,4,8.0,9.0,8.8,228.0,95.0
2025,Azerbaijan Grand Prix,LEC,Ferrari,9.0,2.0,0 days 00:01:47.075687500,0 days 00:01:44.274000,51,17,0,0,0,135.0,0,4,4.666666666666667,10.666666666666666,10.0,230.0,95.0
2025,Singapore Grand Prix,LEC,Ferrari,6.0,8.0,0 days 00:01:37.876822580,0 days 00:01:35.983000,62,18,0,0,0,143.0,0,4,7.333333333333333,6.333333333333333,8.4,245.0,102.0
2025,Mexico City Grand Prix,LEC,Ferrari,2.0,18.0,0 days 00:01:23.223915492,0 days 00:01:21.588000,71,20,0,1,1,161.0,0,5,9.333333333333334,5.666666666666667,8.0,270.0,109.0
2025,Las Vegas Grand Prix,LEC,Ferrari,4.0,12.0,0 days 00:01:37.982140,0 days 00:01:34.304000,50,22,0,0,1,173.0,0,5,12.666666666666666,4.0,5.0,270.0,97.0
2025,Abu Dhabi Grand Prix,LEC,Ferrari,4.0,12.0,0 days 00:01:29.495655172,0 days 00:01:26.725000,58,24,0,0,1,185.0,0,5,14.0,3.3333333333333335,5.0,288.0,103.0
2025,Australian Grand Prix,NOR,McLaren,1.0,25.0,0 days 00:01:43.428301886,0 days 00:01:22.167000,57,1,1,1,1,25.0,1,1,25.0,1.0,1.0,25.0,0.0
2025,Japanese Grand Prix,NOR,McLaren,2.0,18.0,0 days 00:01:32.988792452,0 days 00:01:31.116000,53,3,0,1,1,43.0,1,2,21.5,1.5,1.5,43.0,0.0
2025,Bahrain Grand Prix,NOR,McLaren,3.0,15.0,0 days 00:01:39.984000,0 days 00:01:35.728000,57,4,0,1,1,58.0,1,3,19.333333333333332,2.0,2.0,58.0,0.0
2025,Saudi Arabian Grand Prix,NOR,McLaren,4.0,12.0,0 days 00:01:34.714229166,0 days 00:01:31.778000,50,5,0,0,1,70.0,1,3,15.0,3.0,2.5,70.0,0.0
2025,Emilia Romagna Grand Prix,NOR,McLaren,2.0,18.0,0 days 00:01:27.290603174,0 days 00:01:18.311000,63,7,0,1,1,88.0,1,4,15.0,3.0,2.4,94.0,6.0
2025,Monaco Grand Prix,NOR,McLaren,1.0,25.0,0 days 00:01:17.356961538,0 days 00:01:13.221000,78,8,1,1,1,113.0,2,5,18.333333333333332,2.3333333333333335,2.4,113.0,0.0
2025,Spanish Grand Prix,NOR,McLaren,2.0,18.0,0 days 00:01:24.543121212,0 days 00:01:16.187000,66,9,0,1,1,131.0,2,6,20.333333333333332,1.6666666666666667,2.4,131.0,0.0
2025,Canadian Grand Prix,NOR,McLaren,18.0,0.0,0 days 00:01:16.325303030,0 days 00:01:14.229000,67,10,0,0,0,131.0,2,6,14.333333333333334,7.0,5.4,134.0,3.0
2025,Austrian Grand Prix,NOR,McLaren,1.0,25.0,0 days 00:01:11.824185714,0 days 00:01:08.272000,70,11,1,1,1,156.0,3,7,14.333333333333334,7.0,4.8,156.0,0.0
2025,British Grand Prix,NOR,McLaren,1.0,25.0,0 days 00:01:45.549217391,0 days 00:01:29.734000,52,12,1,1,1,181.0,4,8,16.666666666666668,6.666666666666667,4.6,181.0,0.0
2025,Hungarian Grand Prix,NOR,McLaren,1.0,25.0,0 days 00:01:21.731871428,0 days 00:01:19.918000,70,14,1,1,1,206.0,5,9,25.0,1.0,4.6,206.0,0.0
2025,Dutch Grand Prix,NOR,McLaren,18.0,0.0,0 days 00:01:20.757609375,0 days 00:01:12.379000,65,15,0,0,0,206.0,5,9,16.666666666666668,6.666666666666667,7.8,213.0,7.0
2025,Italian Grand Prix,NOR,McLaren,2.0,18.0,0 days 00:01:23.462867924,0 days 00:01:20.901000,53,16,0,1,1,224.0,5,10,14.333333333333334,7.0,4.6,228.0,4.0
2025,Azerbaijan Grand Prix,NOR,McLaren,7.0,6.0,0 days 00:01:46.974145833,0 days 00:01:44.155000,51,17,0,0,0,230.0,5,10,8.0,9.0,5.8,230.0,0.0
2025,Singapore Grand Prix,NOR,McLaren,3.0,15.0,0 days 00:01:37.232790322,0 days 00:01:35.555000,62,18,0,1,1,245.0,5,11,13.0,4.0,6.2,245.0,0.0
2025,Mexico City Grand Prix,NOR,McLaren,1.0,25.0,0 days 00:01:22.796816901,0 days 00:01:20.764000,71,20,1,1,1,270.0,6,12,15.333333333333334,3.6666666666666665,6.2,270.0,0.0
2025,Las Vegas Grand Prix,NOR,McLaren,19.0,0.0,0 days 00:01:37.783400,0 days 00:01:33.965000,50,22,0,0,0,270.0,6,12,13.333333333333334,7.666666666666667,6.4,270.0,0.0
2025,Abu Dhabi Grand Prix,NOR,McLaren,3.0,15.0,0 days 00:01:29.380017241,0 days 00:01:26.818000,58,24,0,1,1,285.0,6,13,13.333333333333334,7.666666666666667,6.6,288.0,3.0
2025,Australian Grand Prix,OCO,Haas F1 Team,13.0,0.0,0 days 00:01:43.848698113,0 days 00:01:26.764000,57,1,0,0,0,0.0,0,0,0.0,13.0,13.0,25.0,25.0
2025,Japanese Grand Prix,OCO,Haas F1 Team,18.0,0.0,0 days 00:01:34.536245283,0 days 00:01:31.967000,53,3,0,0,0,0.0,0,0,0.0,15.5,15.5,43.0,43.0
2025,Bahrain Grand Prix,OCO,Haas F1 Team,8.0,4.0,0 days 00:01:41.468052631,0 days 00:01:37.098000,57,4,0,0,0,4.0,0,0,1.3333333333333333,13.0,13.0,58.0,54.0
2025,Saudi Arabian Grand Prix,OCO,Haas F1 Team,14.0,0.0,0 days 00:01:36.801416666,0 days 00:01:34.309000,50,5,0,0,0,4.0,0,0,1.3333333333333333,13.333333333333334,13.25,70.0,66.0
2025,Emilia Romagna Grand Prix,OCO,Haas F1 Team,20.0,0.0,0 days 00:01:23.790185185,0 days 00:01:21.413000,28,7,0,0,0,4.0,0,0,1.3333333333333333,14.0,14.6,94.0,90.0
2025,Monaco Grand Prix,OCO,Haas F1 Team,7.0,6.0,0 days 00:01:19.219116883,0 days 00:01:15.157000,77,8,0,0,0,10.0,0,0,2.0,13.666666666666666,13.4,113.0,103.0
2025,Spanish Grand Prix,OCO,Haas F1 Team,16.0,0.0,0 days 00:01:24.993515151,0 days 00:01:18.624000,66,9,0,0,0,10.0,0,0,2.0,14.333333333333334,13.0,131.0,121.0
2025,Canadian Grand Prix,OCO,Haas F1 Team,9.0,2.0,0 days 00:01:19.915376811,0 days 00:01:14.593000,69,10,0,0,0,12.0,0,0,2.6666666666666665,10.666666666666666,13.2,134.0,122.0
2025,Austrian Grand Prix,OCO,Haas F1 Team,10.0,1.0,0 days 00:01:13.009840579,0 days 00:01:09.550000,69,11,0,0,0,13.0,0,0,1.0,11.666666666666666,12.4,156.0,143.0
2025,British Grand Prix,OCO,Haas F1 Team,13.0,0.0,0 days 00:01:48.310808510,0 days 00:01:30.818000,52,12,0,0,0,13.0,0,0,1.0,10.666666666666666,11.0,181.0,168.0
2025,Hungarian Grand Prix,OCO,Haas F1 Team,16.0,0.0,0 days 00:01:23.572304347,0 days 00:01:21.916000,69,14,0,0,0,13.0,0,0,0.3333333333333333,13.0,12.8,206.0,193.0
2025,Dutch Grand Prix,OCO,Haas F1 Team,10.0,1.0,0 days 00:01:22.276555555,0 days 00:01:13.986000,72,15,0,0,0,14.0,0,0,0.3333333333333333,13.0,11.6,213.0,199.0
2025,Italian Grand Prix,OCO,Haas F1 Team,15.0,0.0,0 days 00:01:24.739615384,0 days 00:01:22.892000,52,16,0,0,0,14.0,0,0,0.3333333333333333,13.666666666666666,12.8,228.0,214.0
2025,Azerbaijan Grand Prix,OCO,Haas F1 Team,14.0,0.0,0 days 00:01:48.077833333,0 days 00:01:45.388000,51,17,0,0,0,14.0,0,0,0.3333333333333333,13.0,13.6,230.0,216.0
2025,Singapore Grand Prix,OCO,Haas F1 Team,18.0,0.0,0 days 00:01:39.500000,0 days 00:01:36.646000,61,18,0,0,0,14.0,0,0,0.0,15.666666666666666,14.6,245.0,231.0
2025,Mexico City Grand Prix,OCO,Haas F1 Team,9.0,2.0,0 days 00:01:23.859690140,0 days 00:01:21.869000,71,20,0,0,0,16.0,0,0,0.6666666666666666,13.666666666666666,13.2,270.0,254.0
2025,Las Vegas Grand Prix,OCO,Haas F1 Team,9.0,2.0,0 days 00:01:38.581280,0 days 00:01:34.557000,50,22,0,0,0,18.0,0,0,1.3333333333333333,12.0,13.0,270.0,252.0
2025,Abu Dhabi Grand Prix,OCO,Haas F1 Team,7.0,6.0,0 days 00:01:30.299051724,0 days 00:01:28.655000,58,24,0,0,0,24.0,0,0,3.3333333333333335,8.333333333333334,11.4,288.0,264.0
2025,Australian Grand Prix,PIA,McLaren,9.0,2.0,0 days 00:01:42.084461538,0 days 00:01:23.242000,57,1,0,0,0,2.0,0,0,2.0,9.0,9.0,25.0,23.0
2025,Japanese Grand Prix,PIA,McLaren,3.0,15.0,0 days 00:01:33.002113207,0 days 00:01:31.039000,53,3,0,1,1,17.0,0,1,8.5,6.0,6.0,43.0,26.0
2025,Bahrain Grand Prix,PIA,McLaren,1.0,25.0,0 days 00:01:39.524375,0 days 00:01:35.140000,57,4,1,1,1,42.0,1,2,14.0,4.333333333333333,4.333333333333333,58.0,16.0
2025,Saudi Arabian Grand Prix,PIA,McLaren,1.0,25.0,0 days 00:01:34.322645833,0 days 00:01:32.228000,50,5,1,1,1,67.0,2,3,21.666666666666668,1.6666666666666667,3.5,70.0,3.0
2025,Emilia Romagna Grand Prix,PIA,McLaren,3.0,15.0,0 days 00:01:27.399285714,0 days 00:01:18.894000,63,7,0,1,1,82.0,2,4,21.666666666666668,1.6666666666666667,3.4,94.0,12.0
2025,Monaco Grand Prix,PIA,McLaren,3.0,15.0,0 days 00:01:17.403858974,0 days 00:01:13.745000,78,8,0,1,1,97.0,2,5,18.333333333333332,2.3333333333333335,2.2,113.0,16.0
2025,Spanish Grand Prix,PIA,McLaren,1.0,25.0,0 days 00:01:24.505681818,0 days 00:01:15.743000,66,9,1,1,1,122.0,3,6,18.333333333333332,2.3333333333333335,1.8,131.0,9.0
2025,Canadian Grand Prix,PIA,McLaren,4.0,12.0,0 days 00:01:18.782814285,0 days 00:01:14.255000,70,10,0,0,1,134.0,3,6,17.333333333333332,2.6666666666666665,2.4,134.0,0.0
2025,Austrian Grand Prix,PIA,McLaren,2.0,18.0,0 days 00:01:11.862685714,0 days 00:01:07.924000,70,11,0,1,1,152.0,3,7,18.333333333333332,2.3333333333333335,2.6,156.0,4.0
2025,British Grand Prix,PIA,McLaren,2.0,18.0,0 days 00:01:45.341282608,0 days 00:01:29.337000,52,12,0,1,1,170.0,3,8,16.0,2.6666666666666665,2.4,181.0,11.0
2025,Hungarian Grand Prix,PIA,McLaren,2.0,18.0,0 days 00:01:21.741842857,0 days 00:01:19.412000,70,14,0,1,1,188.0,3,9,18.0,2.0,2.2,206.0,18.0
2025,Dutch Grand Prix,PIA,McLaren,1.0,25.0,0 days 00:01:22.081236111,0 days 00:01:12.271000,72,15,1,1,1,213.0,4,10,20.333333333333332,1.6666666666666667,2.2,213.0,0.0
2025,Italian Grand Prix,PIA,McLaren,3.0,15.0,0 days 00:01:23.503320754,0 days 00:01:21.245000,53,16,0,1,1,228.0,4,11,19.333333333333332,2.0,2.0,228.0,0.0
2025,Azerbaijan Grand Prix,PIA,McLaren,20.0,0.0,,,1,17,0,0,0,228.0,4,11,13.333333333333334,8.0,5.6,230.0,2.0
2025,Singapore Grand Prix,PIA,McLaren,4.0,12.0,0 days 00:01:37.266338709,0 days 00:01:35.408000,62,18,0,0,1,240.0,4,11,9.0,9.0,6.0,245.0,5.0
2025,Mexico City Grand Prix,PIA,McLaren,5.0,10.0,0 days 00:01:23.389281690,0 days 00:01:20.422000,71,20,0,0,1,250.0,4,11,7.333333333333333,9.666666666666666,6.6,270.0,20.0
2025,Las Vegas Grand Prix,PIA,McLaren,20.0,0.0,0 days 00:01:37.921580,0 days 00:01:34.086000,50,22,0,0,0,250.0,4,11,7.333333333333333,9.666666666666666,10.4,270.0,20.0
2025,Abu Dhabi Grand Prix,PIA,McLaren,2.0,18.0,0 days 00:01:29.311431034,0 days 00:01:26.765000,58,24,0,1,1,268.0,4,12,9.333333333333334,9.0,10.2,288.0,20.0
2025,Australian Grand Prix,RUS,Mercedes,3.0,15.0,0 days 00:01:43.686339622,0 days 00:01:25.065000,57,1,0,1,1,15.0,0,1,15.0,3.0,3.0,25.0,10.0
2025,Japanese Grand Prix,RUS,Mercedes,5.0,10.0,0 days 00:01:33.289528301,0 days 00:01:31.357000,53,3,0,0,1,25.0,0,1,12.5,4.0,4.0,43.0,18.0
2025,Bahrain Grand Prix,RUS,Mercedes,2.0,18.0,0 days 00:01:39.948750,0 days 00:01:35.518000,57,4,0,1,1,43.0,0,2,14.333333333333334,3.3333333333333335,3.3333333333333335,58.0,15.0
2025,Saudi Arabian Grand Prix,RUS,Mercedes,5.0,10.0,0 days 00:01:34.932833333,0 days 00:01:32.893000,50,5,0,0,1,53.0,0,2,12.666666666666666,4.0,3.75,70.0,17.0
2025,Emilia Romagna Grand Prix,RUS,Mercedes,7.0,6.0,0 days 00:01:27.543380952,0 days 00:01:19.733000,63,7,0,0,0,59.0,0,2,11.333333333333334,4.666666666666667,4.4,94.0,35.0
2025,Monaco Grand Prix,RUS,Mercedes,11.0,0.0,0 days 00:01:19.837986842,0 days 00:01:13.405000,76,8,0,0,0,59.0,0,2,5.333333333333333,7.666666666666667,6.0,113.0,54.0
2025,Spanish Grand Prix,RUS,Mercedes,4.0,12.0,0 days 00:01:24.677787878,0 days 00:01:17.244000,66,9,0,0,1,71.0,0,2,6.0,7.333333333333333,5.8,131.0,60.0
2025,Canadian Grand Prix,RUS,Mercedes,1.0,25.0,0 days 00:01:18.752685714,0 days 00:01:14.119000,70,10,1,1,1,96.0,1,3,12.333333333333334,5.333333333333333,5.6,134.0,38.0
2025,Austrian Grand Prix,RUS,Mercedes,5.0,10.0,0 days 00:01:12.715557142,0 days 00:01:09.372000,70,11,0,0,1,106.0,1,3,15.666666666666666,3.3333333333333335,5.6,156.0,50.0
2025,British Grand Prix,RUS,Mercedes,10.0,1.0,0 days 00:01:48.341957446,0 days 00:01:30.869000,52,12,0,0,0,107.0,1,3,12.0,5.333333333333333,6.2,181.0,74.0
2025,Hungarian Grand Prix,RUS,Mercedes,3.0,15.0,0 days 00:01:22.044957142,0 days 00:01:19.409000,70,14,0,1,1,122.0,1,4,8.666666666666666,6.0,4.6,206.0,84.0
2025,Dutch Grand Prix,RUS,Mercedes,4.0,12.0,0 days 00:01:22.159763888,0 days 00:01:13.728000,72,15,0,0,1,134.0,1,4,9.333333333333334,5.666666666666667,4.6,213.0,79.0
2025,Italian Grand Prix,RUS,Mercedes,5.0,10.0,0 days 00:01:23.720867924,0 days 00:01:21.800000,53,16,0,0,1,144.0,1,4,12.333333333333334,4.0,5.4,228.0,84.0
2025,Azerbaijan Grand Prix,RUS,Mercedes,2.0,18.0,0 days 00:01:46.456562500,0 days 00:01:43.754000,51,17,0,1,1,162.0,1,5,13.333333333333334,3.6666666666666665,4.8,230.0,68.0
2025,Singapore Grand Prix,RUS,Mercedes,1.0,25.0,0 days 00:01:37.134951612,0 days 00:01:35.676000,62,18,1,1,1,187.0,2,6,17.666666666666668,2.6666666666666665,3.0,245.0,58.0
2025,Mexico City Grand Prix,RUS,Mercedes,7.0,6.0,0 days 00:01:23.505084507,0 days 00:01:20.052000,71,20,0,0,0,193.0,2,6,16.333333333333332,3.3333333333333335,3.8,270.0,77.0
2025,Las Vegas Grand Prix,RUS,Mercedes,2.0,18.0,0 days 00:01:37.839500,0 days 00:01:34.592000,50,22,0,1,1,211.0,2,7,16.333333333333332,3.3333333333333335,3.4,270.0,59.0
2025,Abu Dhabi Grand Prix,RUS,Mercedes,5.0,10.0,0 days 00:01:29.931586206,0 days 00:01:28.599000,58,24,0,0,1,221.0,2,7,11.333333333333334,4.666666666666667,3.4,288.0,67.0
2025,Australian Grand Prix,SAI,Williams,18.0,0.0,,,1,1,0,0,0,0.0,0,0,0.0,18.0,18.0,25.0,25.0
2025,Japanese Grand Prix,SAI,Williams,14.0,0.0,0 days 00:01:34.360603773,0 days 00:01:31.106000,53,3,0,0,0,0.0,0,0,0.0,16.0,16.0,43.0,43.0
2025,Bahrain Grand Prix,SAI,Williams,19.0,0.0,0 days 00:01:42.382954545,0 days 00:01:36.954000,45,4,0,0,0,0.0,0,0,0.0,17.0,17.0,58.0,58.0
2025,Saudi Arabian Grand Prix,SAI,Williams,8.0,4.0,0 days 00:01:35.821916666,0 days 00:01:32.466000,50,5,0,0,0,4.0,0,0,1.3333333333333333,13.666666666666666,14.75,70.0,66.0
2025,Emilia Romagna Grand Prix,SAI,Williams,8.0,4.0,0 days 00:01:27.557095238,0 days 00:01:19.836000,63,7,0,0,0,8.0,0,0,2.6666666666666665,11.666666666666666,13.4,94.0,86.0
2025,Monaco Grand Prix,SAI,Williams,10.0,1.0,0 days 00:01:19.593092105,0 days 00:01:13.988000,76,8,0,0,0,9.0,0,0,3.0,8.666666666666666,11.8,113.0,104.0
2025,Spanish Grand Prix,SAI,Williams,14.0,0.0,0 days 00:01:24.949757575,0 days 00:01:19.317000,66,9,0,0,0,9.0,0,0,1.6666666666666667,10.666666666666666,11.8,131.0,122.0
2025,Canadian Grand Prix,SAI,Williams,10.0,1.0,0 days 00:01:19.921362318,0 days 00:01:14.389000,69,10,0,0,0,10.0,0,0,0.6666666666666666,11.333333333333334,10.0,134.0,124.0
2025,Austrian Grand Prix,SAI,Williams,20.0,0.0,,,1,11,0,0,0,10.0,0,0,0.3333333333333333,14.666666666666666,12.4,156.0,146.0
2025,British Grand Prix,SAI,Williams,12.0,0.0,0 days 00:01:48.568468085,0 days 00:01:30.645000,52,12,0,0,0,10.0,0,0,0.3333333333333333,14.0,13.2,181.0,171.0
2025,Hungarian Grand Prix,SAI,Williams,14.0,0.0,0 days 00:01:23.399376811,0 days 00:01:19.790000,69,14,0,0,0,10.0,0,0,0.0,15.333333333333334,14.0,206.0,196.0
2025,Dutch Grand Prix,SAI,Williams,13.0,0.0,0 days 00:01:22.322569444,0 days 00:01:13.808000,72,15,0,0,0,10.0,0,0,0.0,13.0,13.8,213.0,203.0
2025,Italian Grand Prix,SAI,Williams,11.0,0.0,0 days 00:01:24.316867924,0 days 00:01:21.740000,53,16,0,0,0,10.0,0,0,0.0,12.666666666666666,14.0,228.0,218.0
2025,Azerbaijan Grand Prix,SAI,Williams,3.0,15.0,0 days 00:01:46.461041666,0 days 00:01:43.972000,51,17,0,1,1,25.0,0,1,5.0,9.0,10.6,230.0,205.0
2025,Singapore Grand Prix,SAI,Williams,10.0,1.0,0 days 00:01:38.903622950,0 days 00:01:34.963000,61,18,0,0,0,26.0,0,1,5.333333333333333,8.0,10.2,245.0,219.0
2025,Mexico City Grand Prix,SAI,Williams,17.0,0.0,0 days 00:01:23.793014925,0 days 00:01:20.098000,68,20,0,0,0,26.0,0,1,5.333333333333333,10.0,10.8,270.0,244.0
2025,Las Vegas Grand Prix,SAI,Williams,5.0,10.0,0 days 00:01:38.067060,0 days 00:01:34.496000,50,22,0,0,1,36.0,0,1,3.6666666666666665,10.666666666666666,9.2,270.0,234.0
2025,Abu Dhabi Grand Prix,SAI,Williams,13.0,0.0,0 days 00:01:30.510810344,0 days 00:01:29.052000,58,24,0,0,0,36.0,0,1,3.3333333333333335,11.666666666666666,9.6,288.0,252.0
2025,Australian Grand Prix,STR,Aston Martin,6.0,8.0,0 days 00:01:44.730129629,0 days 00:01:25.538000,57,1,0,0,0,8.0,0,0,8.0,6.0,6.0,25.0,17.0
2025,Japanese Grand Prix,STR,Aston Martin,20.0,0.0,0 days 00:01:34.998307692,0 days 00:01:32.052000,52,3,0,0,0,8.0,0,0,4.0,13.0,13.0,43.0,35.0
2025,Bahrain Grand Prix,STR,Aston Martin,17.0,0.0,0 days 00:01:40.934000,0 days 00:01:38.064000,57,4,0,0,0,8.0,0,0,2.6666666666666665,14.333333333333334,14.333333333333334,58.0,50.0
2025,Saudi Arabian Grand Prix,STR,Aston Martin,16.0,0.0,0 days 00:01:36.807148936,0 days 00:01:32.745000,49,5,0,0,0,8.0,0,0,0.0,17.666666666666668,14.75,70.0,62.0
2025,Emilia Romagna Grand Prix,STR,Aston Martin,15.0,0.0,0 days 00:01:27.717333333,0 days 00:01:20.501000,63,7,0,0,0,8.0,0,0,0.0,16.0,14.8,94.0,86.0
2025,Monaco Grand Prix,STR,Aston Martin,15.0,0.0,0 days 00:01:20.318921052,0 days 00:01:14.877000,76,8,0,0,0,8.0,0,0,0.0,15.333333333333334,16.6,113.0,105.0
2025,Canadian Grand Prix,STR,Aston Martin,17.0,0.0,0 days 00:01:20.025376811,0 days 00:01:14.902000,69,10,0,0,0,8.0,0,0,0.0,15.666666666666666,16.0,134.0,126.0
2025,Austrian Grand Prix,STR,Aston Martin,14.0,0.0,0 days 00:01:13.364565217,0 days 00:01:09.214000,69,11,0,0,0,8.0,0,0,0.0,15.333333333333334,15.4,156.0,148.0
2025,British Grand Prix,STR,Aston Martin,7.0,6.0,0 days 00:01:47.027543478,0 days 00:01:32.088000,52,12,0,0,0,14.0,0,0,2.0,12.666666666666666,13.6,181.0,167.0
2025,Hungarian Grand Prix,STR,Aston Martin,7.0,6.0,0 days 00:01:22.705785714,0 days 00:01:20.708000,70,14,0,0,0,20.0,0,0,4.0,9.333333333333334,12.0,206.0,186.0
2025,Dutch Grand Prix,STR,Aston Martin,7.0,6.0,0 days 00:01:22.213138888,0 days 00:01:13.822000,72,15,0,0,0,26.0,0,0,6.0,7.0,10.4,213.0,187.0
2025,Italian Grand Prix,STR,Aston Martin,18.0,0.0,0 days 00:01:24.877423076,0 days 00:01:22.164000,52,16,0,0,0,26.0,0,0,4.0,10.666666666666666,10.6,228.0,202.0
2025,Azerbaijan Grand Prix,STR,Aston Martin,17.0,0.0,0 days 00:01:48.378000,0 days 00:01:45.083000,51,17,0,0,0,26.0,0,0,2.0,14.0,11.2,230.0,204.0
2025,Singapore Grand Prix,STR,Aston Martin,13.0,0.0,0 days 00:01:39.128803278,0 days 00:01:35.851000,61,18,0,0,0,26.0,0,0,0.0,16.0,12.4,245.0,219.0
2025,Mexico City Grand Prix,STR,Aston Martin,14.0,0.0,0 days 00:01:24.080128571,0 days 00:01:20.593000,70,20,0,0,0,26.0,0,0,0.0,14.666666666666666,13.8,270.0,244.0
2025,Las Vegas Grand Prix,STR,Aston Martin,18.0,0.0,,,1,22,0,0,0,26.0,0,0,0.0,15.0,16.0,270.0,244.0
2025,Abu Dhabi Grand Prix,STR,Aston Martin,10.0,1.0,0 days 00:01:30.379172413,0 days 00:01:27.626000,58,24,0,0,0,27.0,0,0,0.3333333333333333,14.0,14.4,288.0,261.0
2025,Australian Grand Prix,TSU,Racing Bulls,12.0,0.0,0 days 00:01:44.085698113,0 days 00:01:24.194000,57,1,0,0,0,0.0,0,0,0.0,12.0,12.0,25.0,25.0
2025,Japanese Grand Prix,TSU,Red Bull Racing,12.0,0.0,0 days 00:01:34.063849056,0 days 00:01:31.871000,53,3,0,0,0,0.0,0,0,0.0,12.0,12.0,43.0,43.0
2025,Bahrain Grand Prix,TSU,Red Bull Racing,9.0,2.0,0 days 00:01:40.589035714,0 days 00:01:37.225000,57,4,0,0,0,2.0,0,0,0.6666666666666666,11.0,11.0,58.0,56.0
2025,Saudi Arabian Grand Prix,TSU,Red Bull Racing,19.0,0.0,0 days 00:02:45.662000,0 days 00:02:45.662000,1,5,0,0,0,2.0,0,0,0.6666666666666666,13.333333333333334,13.0,70.0,68.0
2025,Emilia Romagna Grand Prix,TSU,Red Bull Racing,10.0,1.0,0 days 00:01:27.613412698,0 days 00:01:20.039000,63,7,0,0,0,3.0,0,0,1.0,12.666666666666666,12.4,94.0,91.0
2025,Monaco Grand Prix,TSU,Red Bull Racing,17.0,0.0,0 days 00:01:20.338052631,0 days 00:01:14.913000,76,8,0,0,0,3.0,0,0,0.3333333333333333,15.333333333333334,13.4,113.0,110.0
2025,Spanish Grand Prix,TSU,Red Bull Racing,13.0,0.0,0 days 00:01:24.942378787,0 days 00:01:17.998000,66,9,0,0,0,3.0,0,0,0.3333333333333333,13.333333333333334,13.6,131.0,128.0
2025,Canadian Grand Prix,TSU,Red Bull Racing,12.0,0.0,0 days 00:01:19.973101449,0 days 00:01:15.358000,69,10,0,0,0,3.0,0,0,0.0,14.0,14.2,134.0,131.0
2025,Austrian Grand Prix,TSU,Red Bull Racing,16.0,0.0,0 days 00:01:13.980470588,0 days 00:01:09.802000,68,11,0,0,0,3.0,0,0,0.0,13.666666666666666,13.6,156.0,153.0
2025,British Grand Prix,TSU,Red Bull Racing,15.0,0.0,0 days 00:01:50.056760869,0 days 00:01:30.873000,51,12,0,0,0,3.0,0,0,0.0,14.333333333333334,14.6,181.0,178.0
2025,Hungarian Grand Prix,TSU,Red Bull Racing,17.0,0.0,0 days 00:01:23.596724637,0 days 00:01:21.180000,69,14,0,0,0,3.0,0,0,0.0,16.0,14.6,206.0,203.0
2025,Dutch Grand Prix,TSU,Red Bull Racing,9.0,2.0,0 days 00:01:22.270083333,0 days 00:01:14.354000,72,15,0,0,0,5.0,0,0,0.6666666666666666,13.666666666666666,13.8,213.0,208.0
2025,Italian Grand Prix,TSU,Red Bull Racing,13.0,0.0,0 days 00:01:24.623132075,0 days 00:01:22.712000,53,16,0,0,0,5.0,0,0,0.6666666666666666,13.0,14.0,228.0,223.0
2025,Azerbaijan Grand Prix,TSU,Red Bull Racing,6.0,8.0,0 days 00:01:46.922458333,0 days 00:01:44.434000,51,17,0,0,0,13.0,0,0,3.3333333333333335,9.333333333333334,12.0,230.0,217.0
2025,Singapore Grand Prix,TSU,Red Bull Racing,12.0,0.0,0 days 00:01:39.043213114,0 days 00:01:36.831000,61,18,0,0,0,13.0,0,0,2.6666666666666665,10.333333333333334,11.4,245.0,232.0
2025,Mexico City Grand Prix,TSU,Red Bull Racing,11.0,0.0,0 days 00:01:23.910169014,0 days 00:01:21.486000,71,20,0,0,0,13.0,0,0,2.6666666666666665,9.666666666666666,10.2,270.0,257.0
2025,Las Vegas Grand Prix,TSU,Red Bull Racing,12.0,0.0,0 days 00:01:39.108060,0 days 00:01:34.967000,50,22,0,0,0,13.0,0,0,0.0,11.666666666666666,10.8,270.0,257.0
2025,Abu Dhabi Grand Prix,TSU,Red Bull Racing,14.0,0.0,0 days 00:01:30.539017241,0 days 00:01:28.557000,58,24,0,0,0,13.0,0,0,0.0,12.333333333333334,11.0,288.0,275.0
2025,Australian Grand Prix,VER,Red Bull Racing,2.0,18.0,0 days 00:01:43.341150943,0 days 00:01:23.081000,57,1,0,1,1,18.0,0,1,18.0,2.0,2.0,25.0,7.0
2025,Japanese Grand Prix,VER,Red Bull Racing,1.0,25.0,0 days 00:01:32.961943396,0 days 00:01:31.041000,53,3,1,1,1,43.0,1,2,21.5,1.5,1.5,43.0,0.0
2025,Bahrain Grand Prix,VER,Red Bull Racing,6.0,8.0,0 days 00:01:41.295263157,0 days 00:01:36.167000,57,4,0,0,0,51.0,1,2,17.0,3.0,3.0,58.0,7.0
2025,Saudi Arabian Grand Prix,VER,Red Bull Racing,2.0,18.0,0 days 00:01:34.357229166,0 days 00:01:32.280000,50,5,0,1,1,69.0,1,3,17.0,3.0,2.75,70.0,1.0
2025,Emilia Romagna Grand Prix,VER,Red Bull Racing,1.0,25.0,0 days 00:01:27.193634920,0 days 00:01:17.988000,63,7,1,1,1,94.0,2,4,17.0,3.0,2.4,94.0,0.0
2025,Monaco Grand Prix,VER,Red Bull Racing,4.0,12.0,0 days 00:01:17.620705128,0 days 00:01:14.230000,78,8,0,0,1,106.0,2,4,18.333333333333332,2.3333333333333335,2.8,113.0,7.0
2025,Spanish Grand Prix,VER,Red Bull Racing,10.0,1.0,0 days 00:01:24.684863636,0 days 00:01:17.019000,66,9,0,0,0,107.0,2,4,12.666666666666666,5.0,4.6,131.0,24.0
2025,Canadian Grand Prix,VER,Red Bull Racing,2.0,18.0,0 days 00:01:18.755942857,0 days 00:01:14.287000,70,10,0,1,1,125.0,2,5,10.333333333333334,5.333333333333333,3.8,134.0,9.0
2025,Austrian Grand Prix,VER,Red Bull Racing,18.0,0.0,,,1,11,0,0,0,125.0,2,5,6.333333333333333,10.0,7.0,156.0,31.0
2025,British Grand Prix,VER,Red Bull Racing,5.0,10.0,0 days 00:01:46.586630434,0 days 00:01:30.179000,52,12,0,0,1,135.0,2,5,9.333333333333334,8.333333333333334,7.8,181.0,46.0
2025,Hungarian Grand Prix,VER,Red Bull Racing,9.0,2.0,0 days 00:01:22.769657142,0 days 00:01:19.576000,70,14,0,0,0,137.0,2,5,4.0,10.666666666666666,8.8,206.0,69.0
2025,Dutch Grand Prix,VER,Red Bull Racing,2.0,18.0,0 days 00:01:22.098888888,0 days 00:01:12.921000,72,15,0,1,1,155.0,2,6,10.0,5.333333333333333,7.2,213.0,58.0
2025,Italian Grand Prix,VER,Red Bull Racing,1.0,25.0,0 days 00:01:23.100471698,0 days 00:01:21.003000,53,16,1,1,1,180.0,3,7,15.0,4.0,7.0,228.0,48.0
2025,Azerbaijan Grand Prix,VER,Red Bull Racing,1.0,25.0,0 days 00:01:46.058770833,0 days 00:01:43.388000,51,17,1,1,1,205.0,4,8,22.666666666666668,1.3333333333333333,3.6,230.0,25.0
2025,Singapore Grand Prix,VER,Red Bull Racing,2.0,18.0,0 days 00:01:37.222532258,0 days 00:01:35.649000,62,18,0,1,1,223.0,4,9,22.666666666666668,1.3333333333333333,3.0,245.0,22.0
2025,Mexico City Grand Prix,VER,Red Bull Racing,3.0,15.0,0 days 00:01:23.234126760,0 days 00:01:21.108000,71,20,0,1,1,238.0,4,10,19.333333333333332,2.0,1.8,270.0,32.0
2025,Las Vegas Grand Prix,VER,Red Bull Racing,1.0,25.0,0 days 00:01:37.368580,0 days 00:01:33.365000,50,22,1,1,1,263.0,5,11,19.333333333333332,2.0,1.6,270.0,7.0
2025,Abu Dhabi Grand Prix,VER,Red Bull Racing,1.0,25.0,0 days 00:01:29.094293103,0 days 00:01:27.625000,58,24,1,1,1,288.0,6,12,21.666666666666668,1.6666666666666667,1.6,288.0,0.0
